{
  "controller": "pure_pursuit",
  "path_name": "smooth_curvy",
  "target_speed_mps": 10.0,
  "samples": 1018,
  "simulated_time_s": 50.85,
  "termination_reason": "goal_reached",
  "collision_impulse": 0.0,
  "mean_abs_cte_m": 0.11423674813350669,
  "rms_cte_m": 0.2976937875685191,
  "max_abs_cte_m": 2.1732566710971826,
  "mean_abs_heading_error_rad": 0.05556371937366201,
  "max_abs_heading_error_rad": 0.6785686915717477,
  "mean_speed_mps": 9.729900872509157,
  "mean_abs_speed_error_mps": 0.27158813810071686,
  "mean_abs_steering_rate_rad_s": 0.14049924402912775,
  "rms_steering_rate_rad_s": 0.5736354898002433,
  "csv_path": "D:\\Cal Poly\\EE 470 Spring 2026\\EE-470-Pure-Pursuit-vs-Stanley-Path-Tracking-in-CARLA\\data\\smooth_curvy\\pure_pursuit_10ms.csv"
}