{
  "controller": "pure_pursuit",
  "path_name": "smooth_curvy",
  "target_speed_mps": 5.0,
  "samples": 1986,
  "simulated_time_s": 99.25,
  "termination_reason": "goal_reached",
  "collision_impulse": 0.0,
  "mean_abs_cte_m": 0.06326393637939046,
  "rms_cte_m": 0.178424122631728,
  "max_abs_cte_m": 2.171564717589695,
  "mean_abs_heading_error_rad": 0.04355804849154497,
  "max_abs_heading_error_rad": 0.6952498005336225,
  "mean_speed_mps": 4.966757056948054,
  "mean_abs_speed_error_mps": 0.04787153959370513,
  "mean_abs_steering_rate_rad_s": 0.07292355381943307,
  "rms_steering_rate_rad_s": 0.41057787562819736,
  "csv_path": "D:\\Cal Poly\\EE 470 Spring 2026\\EE-470-Pure-Pursuit-vs-Stanley-Path-Tracking-in-CARLA\\data\\smooth_curvy\\pure_pursuit_5ms.csv"
}