{
  "controller": "stanley",
  "path_name": "smooth_curvy",
  "target_speed_mps": 10.0,
  "samples": 1011,
  "simulated_time_s": 50.5,
  "termination_reason": "goal_reached",
  "collision_impulse": 0.0,
  "mean_abs_cte_m": 0.2571742757278312,
  "rms_cte_m": 0.46458833559180013,
  "max_abs_cte_m": 2.6180244571537368,
  "mean_abs_heading_error_rad": 0.0462389329300868,
  "max_abs_heading_error_rad": 0.6621444731602466,
  "mean_speed_mps": 9.729852346503348,
  "mean_abs_speed_error_mps": 0.2732320402445124,
  "mean_abs_steering_rate_rad_s": 0.1796363020338256,
  "rms_steering_rate_rad_s": 0.5080599627800941,
  "csv_path": "D:\\Cal Poly\\EE 470 Spring 2026\\EE-470-Pure-Pursuit-vs-Stanley-Path-Tracking-in-CARLA\\data\\smooth_curvy\\stanley_10ms.csv"
}