{
  "controller": "stanley",
  "path_name": "smooth_curvy",
  "target_speed_mps": 5.0,
  "samples": 1966,
  "simulated_time_s": 98.25,
  "termination_reason": "goal_reached",
  "collision_impulse": 0.0,
  "mean_abs_cte_m": 0.23663734400766095,
  "rms_cte_m": 0.44483508807083655,
  "max_abs_cte_m": 2.6090857575808135,
  "mean_abs_heading_error_rad": 0.04284881125549427,
  "max_abs_heading_error_rad": 0.6507063673522024,
  "mean_speed_mps": 4.966270973876619,
  "mean_abs_speed_error_mps": 0.04814959079683912,
  "mean_abs_steering_rate_rad_s": 0.10963540638023844,
  "rms_steering_rate_rad_s": 0.37013755339810905,
  "csv_path": "D:\\Cal Poly\\EE 470 Spring 2026\\EE-470-Pure-Pursuit-vs-Stanley-Path-Tracking-in-CARLA\\data\\smooth_curvy\\stanley_5ms.csv"
}