{
  "controller": "pure_pursuit",
  "path_name": "sharp_turns",
  "target_speed_mps": 15.0,
  "samples": 388,
  "simulated_time_s": 19.35,
  "termination_reason": "collision",
  "collision_impulse": 15964.68715245566,
  "mean_abs_cte_m": 0.5199250391064766,
  "rms_cte_m": 0.9449393717960235,
  "max_abs_cte_m": 3.043870983574213,
  "mean_abs_heading_error_rad": 0.08624875855843467,
  "max_abs_heading_error_rad": 0.4375990416028075,
  "mean_speed_mps": 13.611215705887211,
  "mean_abs_speed_error_mps": 1.388784294112789,
  "mean_abs_steering_rate_rad_s": 0.2385227309265109,
  "rms_steering_rate_rad_s": 0.4207676727668814,
  "csv_path": "D:\\Cal Poly\\EE 470 Spring 2026\\EE-470-Pure-Pursuit-vs-Stanley-Path-Tracking-in-CARLA\\data\\sharp_turns\\pure_pursuit_15ms.csv"
}