{
  "controller": "stanley",
  "path_name": "sharp_turns",
  "target_speed_mps": 5.0,
  "samples": 1215,
  "simulated_time_s": 60.7,
  "termination_reason": "goal_reached",
  "collision_impulse": 0.0,
  "mean_abs_cte_m": 0.27829706072486105,
  "rms_cte_m": 0.48417262870725075,
  "max_abs_cte_m": 1.4074068421659065,
  "mean_abs_heading_error_rad": 0.0402182674620452,
  "max_abs_heading_error_rad": 0.3298648882233186,
  "mean_speed_mps": 4.946285544190152,
  "mean_abs_speed_error_mps": 0.06734832232760249,
  "mean_abs_steering_rate_rad_s": 0.15426791266041734,
  "rms_steering_rate_rad_s": 0.4211401308147187,
  "csv_path": "D:\\Cal Poly\\EE 470 Spring 2026\\EE-470-Pure-Pursuit-vs-Stanley-Path-Tracking-in-CARLA\\data\\sharp_turns\\stanley_5ms.csv"
}