{
  "controller": "stanley",
  "path_name": "sharp_turns",
  "target_speed_mps": 10.0,
  "samples": 633,
  "simulated_time_s": 31.6,
  "termination_reason": "goal_reached",
  "collision_impulse": 0.0,
  "mean_abs_cte_m": 0.12768684893487423,
  "rms_cte_m": 0.20910336991312367,
  "max_abs_cte_m": 0.6255439913156803,
  "mean_abs_heading_error_rad": 0.026287537838130936,
  "max_abs_heading_error_rad": 0.3007394832971868,
  "mean_speed_mps": 9.60604466567006,
  "mean_abs_speed_error_mps": 0.3987161675911199,
  "mean_abs_steering_rate_rad_s": 0.21515293042875805,
  "rms_steering_rate_rad_s": 0.5273187389503387,
  "csv_path": "D:\\Cal Poly\\EE 470 Spring 2026\\EE-470-Pure-Pursuit-vs-Stanley-Path-Tracking-in-CARLA\\data\\sharp_turns\\stanley_10ms.csv"
}